Hit chance (attack dice = attack stat ÷ 3; evasion dice = Evasion ÷ 3, dodge adds 1)
attack dice \ evasion dice	1	2	3	4	5	6	7	8
1	0.4167	0.2546	0.1736	0.1259	0.0948	0.0733	0.0576	0.0459
2	0.7454	0.4745	0.3405	0.2550	0.1967	0.1548	0.1237	0.1000
3	0.8264	0.6595	0.4893	0.3803	0.3008	0.2415	0.1962	0.1608
4	0.8741	0.7450	0.6197	0.4946	0.4025	0.3300	0.2726	0.2266
5	0.9052	0.8033	0.6992	0.5975	0.4968	0.4167	0.3503	0.2954
6	0.9267	0.8452	0.7585	0.6700	0.5833	0.4980	0.4265	0.3652
7	0.9424	0.8763	0.8038	0.7274	0.6497	0.5735	0.4986	0.4337
8	0.9541	0.9000	0.8392	0.7734	0.7046	0.6348	0.5663	0.4990

Near-miss chance (equal pools, unbroken chain)
near miss: attack dice \ evasion dice	1	2	3	4	5	6	7	8
1	0.1667	0.0000	0.0000	0.0000	0.0000	0.0000	0.0000	0.0000
2	0.0000	0.0509	0.0000	0.0000	0.0000	0.0000	0.0000	0.0000
3	0.0000	0.0000	0.0213	0.0000	0.0000	0.0000	0.0000	0.0000
4	0.0000	0.0000	0.0000	0.0109	0.0000	0.0000	0.0000	0.0000
5	0.0000	0.0000	0.0000	0.0000	0.0064	0.0000	0.0000	0.0000
6	0.0000	0.0000	0.0000	0.0000	0.0000	0.0041	0.0000	0.0000
7	0.0000	0.0000	0.0000	0.0000	0.0000	0.0000	0.0028	0.0000
8	0.0000	0.0000	0.0000	0.0000	0.0000	0.0000	0.0000	0.0020
